TIME,安徽,北京,重庆,福建,甘肃,广东,广西,贵州,海南,河北,黑龙江,河南,香港,湖北,湖南,内蒙古,江苏,江西,吉林,辽宁,澳门,宁夏,青海,山西,山东,上海,陕西,四川,天津,Tibet,新疆,云南,浙江
2020/1/22,1,14,6,1,0,26,2,1,4,1,0,5,0,444,4,0,1,2,0,2,1,1,0,0,2,9,1,5,4,0,0,1,10
2020/1/23,9,22,9,5,2,32,5,3,5,1,2,5,2,444,9,0,5,7,1,3,2,1,0,3,6,16,1,8,4,0,2,2,27
2020/1/24,15,36,27,10,2,53,23,3,8,2,4,9,2,549,24,1,9,18,3,4,2,2,0,5,15,20,1,15,8,0,2,5,43
2020/1/25,39,41,57,18,4,78,23,4,19,8,9,32,5,761,43,7,18,18,4,17,2,3,1,15,27,33,6,28,10,0,3,11,62
2020/1/26,60,68,75,35,7,111,36,5,22,13,15,83,8,1058,69,7,33,36,4,21,5,4,1,22,46,40,9,44,14,0,4,16,104
2020/1/27,70,80,110,59,14,151,46,7,33,18,21,128,8,1423,100,11,47,72,6,27,6,7,6,35,75,53,13,69,23,0,5,26,128
2020/1/28,106,91,132,80,19,207,51,9,40,33,33,168,8,3554,143,15,70,109,8,34,7,11,6,46,95,66,27,90,24,0,10,44,173
2020/1/29,152,111,147,84,24,277,58,9,43,48,38,206,10,3554,221,16,99,109,9,39,7,12,6,56,130,96,27,108,27,0,13,55,296
2020/1/30,200,114,182,101,26,354,78,12,46,65,44,278,10,4903,277,19,129,162,14,41,7,17,8,63,158,112,35,142,31,1,14,70,428
2020/1/31,237,139,211,120,29,436,87,29,52,82,59,352,12,5806,332,20,168,240,14,48,7,21,8,87,184,135,39,177,32,1,17,83,538
2020/2/1,297,168,247,144,40,535,100,29,62,96,80,422,13,7153,389,23,202,286,17,64,7,26,9,101,206,169,47,207,41,1,18,93,599
2020/2/2,340,191,300,159,51,632,111,38,64,104,95,493,15,11177,463,27,236,333,23,70,8,28,11,116,230,182,66,231,48,1,21,105,661
2020/2/3,408,212,337,179,55,725,127,46,72,113,121,566,15,13522,521,34,271,391,31,74,8,31,13,128,259,203,74,254,60,1,24,117,724
2020/2/4,480,228,366,194,57,813,139,58,80,126,155,675,17,16678,593,35,308,476,42,81,10,34,15,142,275,219,81,282,67,1,29,122,829
2020/2/5,530,253,389,205,62,895,150,64,99,135,190,764,21,19665,661,42,341,548,54,89,10,34,17,165,307,243,81,301,69,1,32,128,895
2020/2/6,591,274,411,215,62,970,168,71,106,157,227,851,24,22112,711,46,373,600,59,94,10,40,18,173,347,257,96,321,79,1,36,133,954
2020/2/7,665,297,426,224,67,1034,172,81,117,172,277,914,25,24953,772,50,408,661,65,99,10,43,18,184,386,277,104,344,81,1,39,138,1006
2020/2/8,733,315,428,239,79,1095,183,89,124,195,295,981,26,27100,803,52,439,698,69,105,10,45,18,195,416,286,115,364,88,1,42,138,1048
2020/2/9,779,326,468,250,83,1131,195,99,131,206,307,1033,29,29631,838,54,468,740,78,107,10,45,18,208,444,293,119,386,91,1,45,141,1075
2020/2/10,830,337,486,261,83,1159,210,109,138,218,331,1073,38,31728,879,58,492,771,80,108,10,49,18,213,466,299,119,405,95,1,49,149,1092
2020/2/11,860,342,505,267,86,1177,215,127,144,239,360,1105,49,33366,912,58,515,804,81,111,10,53,18,219,487,303,124,417,106,1,55,153,1117
2020/2/12,889,352,518,272,87,1219,222,133,157,251,378,1135,50,33366,946,60,543,844,83,116,10,58,18,225,497,311,126,436,112,1,59,154,1131
2020/2/13,910,366,529,279,90,1241,222,135,157,265,395,1169,53,48206,968,61,570,872,84,117,10,64,18,229,509,315,126,451,119,1,63,156,1145
2020/2/14,934,372,537,281,90,1261,226,140,159,283,419,1184,56,54406,988,65,593,900,86,119,10,67,18,230,523,318,127,463,120,1,65,162,1155
2020/2/15,950,375,544,285,90,1294,235,143,162,291,425,1212,56,56249,1001,68,604,913,88,119,10,70,18,232,532,326,128,470,122,1,70,168,1162
2020/2/16,962,380,551,287,90,1316,237,144,162,300,445,1231,57,58182,1004,70,617,925,89,121,10,70,18,236,537,328,129,481,124,1,71,171,1167
2020/2/17,973,381,553,290,91,1322,238,146,163,301,457,1246,60,59989,1006,72,626,930,89,121,10,70,18,240,541,333,130,495,125,1,75,171,1171
2020/2/18,982,387,555,292,91,1328,242,146,163,306,464,1257,62,61682,1007,73,629,933,89,121,10,70,18,240,543,333,131,508,128,1,76,172,1172
2020/2/19,986,393,560,293,91,1331,244,146,168,306,470,1262,63,62031,1008,75,631,934,90,121,10,71,18,242,544,333,131,514,130,1,76,172,1174
2020/2/20,987,395,567,293,91,1332,245,146,168,307,476,1265,68,62442,1010,75,631,934,91,121,10,71,18,245,546,334,132,520,131,1,76,174,1175
2020/2/21,988,396,572,293,91,1333,246,146,168,308,479,1267,68,62662,1011,75,631,934,91,121,10,71,18,245,749,334,132,525,132,1,76,174,1203
2020/2/22,989,399,573,293,91,1339,249,146,168,309,479,1270,69,64084,1013,75,631,934,91,121,10,71,18,245,750,335,132,526,135,1,76,174,1205
2020/2/23,989,399,575,293,91,1342,249,146,168,311,480,1271,74,64084,1016,75,631,934,91,121,10,71,18,245,754,335,132,526,135,1,76,174,1205
2020/2/24,989,399,576,293,91,1345,251,146,168,311,480,1271,79,64287,1016,75,631,934,93,121,10,71,18,245,755,335,133,527,135,1,76,174,1205
2020/2/25,989,400,576,294,91,1347,252,146,168,311,480,1271,84,64786,1016,75,631,934,93,121,10,71,18,245,756,336,133,529,135,1,76,174,1205
2020/2/26,989,400,576,294,91,1347,252,146,168,312,480,1271,91,65187,1016,75,631,934,93,121,10,71,18,245,756,337,133,531,135,1,76,174,1205
2020/2/27,989,410,576,296,91,1347,252,146,168,317,480,1272,92,65596,1017,75,631,934,93,121,10,72,18,245,756,337,133,534,136,1,76,174,1205
2020/2/28,990,410,576,296,91,1348,252,146,168,318,480,1272,94,65914,1017,75,631,935,93,121,10,72,18,245,756,337,133,538,136,1,76,174,1205
2020/2/29,990,411,576,296,91,1349,252,146,168,318,480,1272,95,66337,1018,75,631,935,93,121,10,73,18,245,756,337,133,538,136,1,76,174,1205
2020/3/1,990,413,576,296,91,1349,252,146,168,318,480,1272,96,66907,1018,75,631,935,93,122,10,73,18,245,758,337,133,538,136,1,76,174,1205
2020/3/2,990,414,576,296,91,1350,252,146,168,318,480,1272,100,67103,1018,75,631,935,93,122,10,74,18,245,758,337,133,538,136,1,76,174,1206
2020/3/3,990,414,576,296,91,1350,252,146,168,318,480,1272,100,67217,1018,75,631,935,93,125,10,74,18,245,758,338,133,538,136,1,76,174,1213
2020/3/4,990,418,576,296,91,1350,252,146,168,318,480,1272,105,67332,1018,75,631,935,93,125,10,75,18,245,758,338,133,538,136,1,76,174,1213
2020/3/5,990,418,576,296,102,1351,252,146,168,318,481,1272,105,67466,1018,75,631,935,93,125,10,75,18,245,758,339,133,539,136,1,76,174,1215
2020/3/6,990,422,576,296,119,1352,252,146,168,318,481,1272,107,67592,1018,75,631,935,93,125,10,75,18,245,758,342,133,539,136,1,76,174,1215
2020/3/7,990,426,576,296,120,1352,252,146,168,318,481,1272,108,67666,1018,75,631,935,93,125,10,75,18,245,758,342,133,539,136,1,76,174,1215
2020/3/8,990,428,576,296,124,1352,252,146,168,318,481,1272,114,67707,1018,75,631,935,93,125,10,75,18,245,758,342,133,539,136,1,76,174,1215
2020/3/9,990,428,576,296,124,1352,252,146,168,318,481,1272,115,67743,1018,75,631,935,93,125,10,75,18,245,758,342,133,539,136,1,76,174,1215
2020/3/10,990,429,576,296,125,1353,252,146,168,318,481,1272,120,67760,1018,75,631,935,93,125,10,75,18,245,758,344,133,539,136,1,76,174,1215
2020/3/11,990,435,576,296,127,1356,252,146,168,318,482,1273,126,67773,1018,75,631,935,93,125,10,75,18,245,760,344,133,539,136,1,76,174,1215
2020/3/12,990,435,576,296,127,1356,252,146,168,318,482,1273,129,67781,1018,75,631,935,93,125,10,75,18,245,760,344,133,539,136,1,76,174,1215
2020/3/13,990,436,576,296,127,1356,252,146,168,318,482,1273,134,67786,1018,75,631,935,93,125,10,75,18,245,760,346,133,539,136,1,76,174,1215
2020/3/14,990,437,576,296,129,1356,252,146,168,318,482,1273,140,67790,1018,75,631,935,93,125,10,75,18,245,760,353,133,539,136,1,76,174,1227
2020/3/15,990,442,576,296,133,1360,252,146,168,318,482,1273,145,67794,1018,75,631,935,93,125,10,75,18,245,760,353,133,539,136,1,76,174,1231
2020/3/16,990,452,576,296,133,1361,252,146,168,318,482,1273,155,67798,1018,75,631,935,93,125,11,75,18,245,760,355,133,539,136,1,76,176,1231
2020/3/17,990,456,576,296,133,1364,253,147,168,318,482,1273,162,67799,1018,75,631,935,93,125,12,75,18,246,761,358,133,540,136,1,76,176,1232
2020/3/18,990,469,576,296,133,1370,253,146,168,318,482,1273,181,67800,1018,75,631,935,93,125,15,75,18,246,761,361,133,540,136,1,76,176,1232
2020/3/19,990,480,576,296,134,1378,253,146,168,318,483,1273,208,67800,1018,75,631,935,93,125,17,75,18,246,761,363,133,540,137,1,76,176,1233
2020/3/20,990,491,576,299,134,1395,254,146,168,318,484,1273,256,67800,1018,75,631,935,93,126,17,75,18,247,762,371,133,541,137,1,76,176,1234
2020/3/21,990,504,576,303,134,1400,254,146,168,318,484,1273,273,67800,1018,75,631,935,93,126,18,75,18,248,764,380,133,542,137,1,76,176,1236
2020/3/22,990,522,577,313,136,1413,254,146,168,319,484,1274,317,67800,1018,75,633,936,93,127,24,75,18,248,767,404,133,543,137,1,76,176,1238
2020/3/23,990,537,578,313,136,1415,254,146,168,319,484,1274,356,67800,1018,75,633,936,93,127,24,75,18,248,768,404,134,543,141,1,76,176,1238
2020/3/24,990,558,578,318,136,1428,254,146,168,319,484,1274,386,67801,1018,75,636,936,93,127,25,75,18,249,768,414,134,545,145,1,76,176,1240
2020/3/25,990,561,578,322,136,1433,254,146,168,319,484,1274,410,67801,1018,77,638,936,94,127,30,75,18,250,769,433,134,547,145,1,76,176,1241
2020/3/26,990,566,578,328,136,1448,254,146,168,319,484,1275,453,67801,1018,89,640,936,95,128,31,75,18,253,771,451,135,547,151,1,76,178,1243
2020/3/27,990,569,578,331,136,1456,254,146,168,319,484,1275,519,67801,1018,92,641,936,95,128,33,75,18,253,772,468,135,548,155,1,76,180,1247
2020/3/28,990,573,578,337,136,1467,254,146,168,319,484,1275,561,67801,1018,94,641,936,97,132,37,75,18,253,772,485,135,548,161,1,76,180,1251
2020/3/29,990,577,579,338,138,1475,254,146,168,319,484,1276,641,67801,1018,95,644,937,98,134,37,75,18,253,772,492,136,550,166,1,76,180,1254
2020/3/30,990,577,579,340,138,1484,254,146,168,321,484,1276,682,67801,1018,97,645,937,98,136,38,75,18,253,773,498,136,550,174,1,76,180,1255
2020/3/31,990,580,579,343,138,1494,254,146,168,321,484,1276,714,67801,1018,107,646,937,98,139,41,75,18,253,774,509,136,550,174,1,76,182,1257
2020/4/1,990,580,579,345,138,1501,254,146,168,323,484,1276,765,67802,1018,111,646,937,98,140,41,75,18,255,774,516,137,552,176,1,76,182,1257
2020/4/2,990,582,579,345,138,1507,254,146,168,325,488,1276,802,67802,1019,117,647,937,98,141,41,75,18,255,775,522,137,554,176,1,76,183,1258
2020/4/3,990,584,579,349,138,1514,254,146,168,326,489,1276,845,67802,1019,117,651,937,98,141,43,75,18,255,778,526,137,555,180,1,76,184,1260
2020/4/4,990,585,579,350,138,1516,254,146,168,326,491,1276,862,67803,1019,117,651,937,98,141,43,75,18,256,778,529,137,557,180,1,76,184,1262
2020/4/5,990,586,579,350,138,1524,254,146,168,327,504,1276,890,67803,1019,117,651,937,98,142,44,75,18,256,779,531,138,558,180,1,76,184,1263
2020/4/6,990,587,579,350,139,1532,254,146,168,327,524,1276,914,67803,1019,118,651,937,98,142,44,75,18,256,780,536,138,559,180,1,76,184,1264
2020/4/7,990,587,579,351,139,1533,254,146,168,327,544,1276,935,67803,1019,121,651,937,98,144,44,75,18,256,781,538,138,560,180,1,76,184,1265
2020/4/8,990,588,579,351,139,1536,254,146,168,327,569,1276,960,67803,1019,124,651,937,98,144,45,75,18,256,783,543,163,560,180,1,76,184,1266
2020/4/9,991,588,579,351,139,1539,254,146,168,327,609,1276,973,67803,1019,126,651,937,98,144,45,75,18,256,783,552,166,560,182,1,76,184,1267
2020/4/10,991,588,579,351,139,1544,254,146,168,327,638,1276,989,67803,1019,128,651,937,98,144,45,75,18,256,783,555,168,560,183,1,76,184,1267
2020/4/11,991,589,579,351,139,1548,254,146,168,327,661,1276,1000,67803,1019,155,652,937,98,145,45,75,18,256,784,555,172,560,183,1,76,184,1267
2020/4/12,991,589,579,352,139,1552,254,146,168,327,684,1276,1004,67803,1019,189,653,937,99,145,45,75,18,256,784,607,172,560,183,1,76,184,1267
2020/4/13,991,589,579,352,139,1555,254,146,168,327,740,1276,1009,67803,1019,190,653,937,100,145,45,75,18,256,784,618,173,560,184,1,76,184,1267
2020/4/14,991,589,579,353,139,1564,254,146,168,327,819,1276,1012,67803,1019,190,653,937,100,145,45,75,18,256,784,618,173,560,185,1,76,184,1267
2020/4/15,991,590,579,353,139,1566,254,146,168,327,841,1276,1017,67803,1019,190,653,937,102,145,45,75,18,256,784,622,186,560,185,1,76,184,1268
2020/4/16,991,593,579,353,139,1571,254,146,168,328,861,1276,1017,67803,1019,193,653,937,102,145,45,75,18,256,784,628,194,560,186,1,76,184,1268
2020/4/17,991,593,579,354,139,1577,254,146,168,328,872,1276,1021,68128,1019,193,653,937,102,146,45,75,18,256,787,628,197,560,189,1,76,184,1268
2020/4/18,991,593,579,355,139,1579,254,146,168,328,892,1276,1024,68128,1019,193,653,937,102,146,45,75,18,256,787,628,197,561,189,1,76,184,1268
2020/4/19,991,593,579,355,139,1580,254,147,168,328,898,1276,1025,68128,1019,193,653,937,104,146,45,75,18,256,787,635,197,561,189,1,76,184,1268
2020/4/20,991,593,579,355,139,1581,254,147,168,328,905,1276,1025,68128,1019,194,653,937,104,146,45,75,18,256,787,638,197,561,189,1,76,184,1268
2020/4/21,991,593,579,355,139,1582,254,147,168,328,913,1276,1029,68128,1019,194,653,937,106,146,45,75,18,277,787,638,197,561,189,1,76,184,1268
2020/4/22,991,593,579,355,139,1582,254,147,168,328,921,1276,1033,68128,1019,194,653,937,106,146,45,75,18,279,787,639,197,561,189,1,76,184,1268
2020/4/23,991,593,579,355,139,1585,254,147,168,328,928,1276,1035,68128,1019,194,653,937,108,146,45,75,18,279,787,641,197,561,189,1,76,184,1268
2020/4/24,991,593,579,355,139,1585,254,147,168,328,930,1276,1035,68128,1019,197,653,937,109,146,45,75,18,286,787,641,197,561,190,1,76,185,1268
2020/4/25,991,593,579,355,139,1586,254,147,168,328,935,1276,1037,68128,1019,198,653,937,109,146,45,75,18,286,787,642,197,561,190,1,76,185,1268
2020/4/26,991,593,579,355,139,1587,254,147,168,328,936,1276,1037,68128,1019,198,653,937,110,146,45,75,18,286,787,642,197,561,190,1,76,185,1268
2020/4/27,991,593,579,355,139,1587,254,147,168,328,939,1276,1037,68128,1019,199,653,937,110,146,45,75,18,286,787,644,197,561,190,1,76,185,1268
2020/4/28,991,593,579,355,139,1588,254,147,168,328,939,1276,1037,68128,1019,199,653,937,110,146,45,75,18,306,787,645,197,561,190,1,76,185,1268
2020/4/29,991,593,579,355,139,1588,254,147,168,328,939,1276,1037,68128,1019,200,653,937,111,146,45,75,18,306,787,647,197,561,190,1,76,185,1268
2020/4/30,991,593,579,356,139,1588,254,147,168,328,944,1276,1037,68128,1019,201,653,937,111,146,45,75,18,306,787,652,197,561,190,1,76,185,1268
2020/5/1,991,593,579,356,139,1588,254,147,168,328,944,1276,1039,68128,1019,201,653,937,112,146,45,75,18,306,787,652,197,561,190,1,76,185,1268
2020/5/2,991,593,579,356,139,1588,254,147,168,328,944,1276,1039,68128,1019,201,653,937,112,146,45,75,18,306,787,652,197,561,190,1,76,185,1268
2020/5/3,991,593,579,356,139,1588,254,147,168,328,944,1276,1039,68128,1019,201,653,937,112,146,45,75,18,306,788,655,198,561,190,1,76,185,1268
2020/5/4,991,593,579,356,139,1588,254,147,168,328,944,1276,1040,68128,1019,201,653,937,112,146,45,75,18,306,788,656,198,561,190,1,76,185,1268
2020/5/5,991,593,579,356,139,1588,254,147,168,328,944,1276,1040,68128,1019,201,653,937,112,146,45,75,18,308,788,656,198,561,190,1,76,185,1268
2020/5/6,991,593,579,356,139,1589,254,147,168,328,944,1276,1040,68128,1019,201,653,937,112,146,45,75,18,308,788,657,198,561,190,1,76,185,1268
2020/5/7,991,593,579,356,139,1589,254,147,168,328,944,1276,1044,68128,1019,201,653,937,113,146,45,75,18,308,788,657,198,561,190,1,76,185,1268
2020/5/8,991,593,579,356,139,1589,254,147,168,328,944,1276,1044,68128,1019,201,653,937,113,146,45,75,18,308,788,657,198,561,191,1,76,185,1268
2020/5/9,991,593,579,356,139,1589,254,147,168,328,944,1276,1044,68129,1019,201,653,937,124,146,45,75,18,308,788,659,198,561,191,1,76,185,1268
2020/5/10,991,593,579,356,139,1589,254,147,168,328,945,1276,1047,68134,1019,208,653,937,127,147,45,75,18,308,788,659,198,561,191,1,76,185,1268
2020/5/11,991,593,579,356,139,1589,254,147,168,328,945,1276,1047,68134,1019,209,653,937,127,147,45,75,18,308,788,659,198,561,191,1,76,185,1268
2020/5/12,991,593,579,356,139,1589,254,147,168,328,945,1276,1047,68134,1019,209,653,937,133,147,45,75,18,308,788,660,198,561,191,1,76,185,1268
2020/5/13,991,593,579,356,139,1589,254,147,168,328,945,1276,1050,68134,1019,209,653,937,134,149,45,75,18,308,788,660,198,561,191,1,76,185,1268
2020/5/14,991,593,579,356,139,1589,254,147,168,328,945,1276,1051,68134,1019,209,653,937,138,149,45,75,18,308,788,660,198,561,191,1,76,185,1268
2020/5/15,991,593,579,356,139,1589,254,147,169,328,945,1276,1052,68134,1019,209,653,937,140,149,45,75,18,308,788,665,198,561,191,1,76,185,1268
2020/5/16,991,593,579,356,139,1590,254,147,169,328,945,1276,1052,68134,1019,209,653,937,144,149,45,75,18,308,788,665,198,561,192,1,76,185,1268
2020/5/17,991,593,579,356,139,1590,254,147,169,328,945,1276,1055,68134,1019,213,653,937,146,149,45,75,18,308,788,666,198,561,192,1,76,185,1268
2020/5/18,991,593,579,356,139,1590,254,147,169,328,945,1276,1055,68135,1019,216,653,937,151,149,45,75,18,308,788,666,198,561,192,1,76,185,1268
2020/5/19,991,593,579,356,139,1590,254,147,169,328,945,1276,1055,68135,1019,216,653,937,151,149,45,75,18,308,788,666,198,561,192,1,76,185,1268
2020/5/20,991,593,579,356,139,1590,254,147,169,328,945,1276,1055,68135,1019,216,653,937,151,149,45,75,18,308,788,666,198,561,192,1,76,185,1268
2020/5/21,991,593,579,356,139,1590,254,147,169,328,945,1276,1055,68135,1019,216,653,937,151,149,45,75,18,308,788,666,198,561,192,1,76,185,1268
2020/5/22,991,593,579,356,139,1591,254,147,169,328,945,1276,1065,68135,1019,217,653,937,154,149,45,75,18,308,788,667,198,563,192,1,76,185,1268
2020/5/23,991,593,579,356,139,1592,254,147,169,328,945,1276,1065,68135,1019,217,653,937,155,149,45,75,18,308,788,668,198,563,192,1,76,185,1268
2020/5/24,991,593,579,356,139,1592,254,147,169,328,945,1276,1065,68135,1019,227,653,937,155,149,45,75,18,308,788,668,198,564,192,1,76,185,1268
2020/5/25,991,593,579,357,139,1592,254,147,169,328,945,1276,1065,68135,1019,232,653,937,155,149,45,75,18,308,788,669,198,564,192,1,76,185,1268
2020/5/26,991,593,579,357,139,1592,254,147,169,328,945,1276,1065,68135,1019,232,653,937,155,149,45,75,18,308,788,670,198,564,192,1,76,185,1268
2020/5/27,991,593,579,358,139,1592,254,147,169,328,945,1276,1066,68135,1019,232,653,937,155,149,45,75,18,308,788,671,198,564,192,1,76,185,1268
2020/5/28,991,593,579,358,139,1592,254,147,169,328,945,1276,1066,68135,1019,232,653,937,155,149,45,75,18,308,788,671,198,564,192,1,76,185,1268
2020/5/29,991,593,579,358,139,1593,254,147,169,328,945,1276,1079,68135,1019,232,653,937,155,149,45,75,18,308,790,672,198,564,192,1,76,185,1268
2020/5/30,991,593,579,358,139,1593,254,147,169,328,945,1276,1082,68135,1019,232,653,937,155,149,45,75,18,308,792,672,198,564,192,1,76,185,1268
2020/5/31,991,593,579,358,139,1595,254,147,169,328,945,1276,1084,68135,1019,235,653,937,155,149,45,75,18,308,792,672,198,575,192,1,76,185,1268
2020/6/1,991,593,579,358,139,1596,254,147,169,328,945,1276,1087,68135,1019,235,653,937,155,149,45,75,18,309,792,673,198,577,192,1,76,185,1268
2020/6/2,991,593,579,358,139,1597,254,147,169,328,945,1276,1093,68135,1019,235,653,937,155,149,45,75,18,309,792,673,198,577,192,1,76,185,1268
2020/6/3,991,594,579,358,139,1598,254,147,169,328,947,1276,1093,68135,1019,235,653,932,155,149,45,75,18,309,792,673,198,577,192,1,76,185,1268
2020/6/4,991,594,579,358,139,1598,254,147,169,328,947,1276,1099,68135,1019,235,653,932,155,149,45,75,18,309,792,677,198,578,192,1,76,185,1268
2020/6/5,991,594,579,358,139,1601,254,147,169,328,947,1276,1102,68135,1019,235,653,932,155,149,45,75,18,309,792,677,198,578,192,1,76,185,1268
2020/6/6,991,594,579,359,139,1602,254,147,170,328,947,1276,1105,68135,1019,235,653,932,155,149,45,75,18,311,792,677,198,578,193,1,76,185,1268
2020/6/7,991,594,579,359,139,1602,254,147,170,328,947,1276,1106,68135,1019,235,653,932,155,149,45,75,18,311,792,678,198,581,193,1,76,185,1268
2020/6/8,991,594,579,359,139,1604,254,147,170,328,947,1276,1107,68135,1019,235,653,932,155,149,45,75,18,311,792,678,198,582,193,1,76,185,1268
2020/6/9,991,594,579,359,139,1604,254,147,170,328,947,1276,1107,68135,1019,237,653,932,155,149,45,75,18,311,792,678,198,582,194,1,76,185,1268
2020/6/10,991,594,579,360,139,1607,254,147,170,328,947,1276,1107,68135,1019,237,653,932,155,149,45,75,18,311,792,684,198,582,195,1,76,185,1268
2020/6/11,991,595,579,361,139,1607,254,147,170,328,947,1276,1107,68135,1019,237,653,932,155,149,45,75,18,311,792,689,198,582,195,1,76,185,1268
2020/6/12,991,601,579,361,139,1608,254,147,171,328,947,1276,1108,68135,1019,237,653,932,155,149,45,75,18,311,792,690,198,583,196,1,76,185,1268
2020/6/13,991,637,580,361,139,1625,254,147,171,328,947,1276,1109,68135,1019,237,653,932,155,151,45,75,18,311,792,691,198,583,196,1,76,185,1268
2020/6/14,991,673,582,362,139,1625,254,147,171,331,947,1276,1109,68135,1019,237,653,932,155,151,45,75,18,313,792,692,198,587,196,1,76,185,1268
2020/6/15,991,700,582,362,139,1628,254,147,171,335,947,1276,1112,68135,1019,238,653,932,155,152,45,75,18,313,792,695,198,588,196,1,76,185,1268
2020/6/16,991,731,582,362,149,1628,254,147,171,336,947,1276,1112,68135,1019,238,653,932,155,152,45,75,18,313,792,695,198,589,196,1,76,185,1269
2020/6/17,991,752,582,362,150,1628,254,147,171,338,947,1276,1120,68135,1019,238,653,932,155,152,45,75,18,314,792,697,198,589,197,1,76,185,1269
2020/6/18,991,777,582,362,151,1631,254,147,171,340,947,1276,1124,68135,1019,238,653,932,155,153,45,75,18,314,792,697,198,589,197,1,76,185,1269
2020/6/19,991,777,582,362,151,1631,254,147,171,340,947,1276,1124,68135,1019,238,653,932,155,153,45,75,18,314,792,697,198,589,197,1,76,185,1269
2020/6/20,991,821,582,363,151,1634,254,147,171,344,947,1276,1128,68135,1019,238,653,932,155,153,45,75,18,316,792,698,198,589,197,1,76,185,1269
2020/6/21,991,830,582,363,151,1634,254,147,171,346,947,1276,1131,68135,1019,238,653,932,155,154,45,75,18,317,792,701,198,589,197,1,76,185,1269
2020/6/22,991,843,582,363,158,1634,254,147,171,346,947,1276,1161,68135,1019,238,654,932,155,154,45,75,18,317,792,701,198,589,198,1,76,185,1269
2020/6/23,991,850,582,363,158,1634,254,147,171,348,947,1276,1177,68135,1019,238,654,932,155,154,45,75,18,319,792,703,198,589,198,1,76,185,1269
2020/6/24,991,863,582,363,161,1635,254,147,171,349,947,1276,1179,68135,1019,238,654,932,155,154,45,75,18,319,792,703,198,589,198,1,76,185,1269
2020/6/25,991,874,582,363,161,1635,254,147,171,349,947,1276,1193,68135,1019,238,654,932,155,154,46,75,18,319,792,705,198,589,198,1,76,185,1269
2020/6/26,991,891,582,363,162,1637,254,147,171,349,947,1276,1196,68135,1019,238,654,932,155,154,46,75,18,319,792,706,198,589,198,1,76,185,1269
2020/6/27,991,905,582,363,163,1637,254,147,171,349,947,1276,1197,68135,1019,238,654,932,155,154,46,75,18,320,792,707,198,589,198,1,76,185,1269
2020/6/28,991,912,582,363,163,1637,254,147,171,349,947,1276,1199,68135,1019,238,654,932,155,155,46,75,18,320,792,708,198,592,198,1,76,185,1269
2020/6/29,991,919,582,363,164,1641,254,147,171,349,947,1276,1203,68135,1019,238,654,932,155,155,46,75,18,320,792,712,198,595,198,1,76,185,1269
2020/6/30,991,922,582,363,164,1641,254,147,171,349,947,1276,1205,68135,1019,238,654,932,155,155,46,75,18,320,792,712,198,595,198,1,76,185,1269
2020/7/1,991,923,582,363,164,1642,254,147,171,349,947,1276,1233,68135,1019,238,654,932,155,155,46,75,18,320,792,713,198,595,198,1,76,185,1269
2020/7/2,991,925,582,363,164,1642,254,147,171,349,947,1276,1242,68135,1019,238,654,932,155,156,46,75,18,320,792,714,198,595,198,1,76,186,1269
2020/7/3,991,926,582,363,164,1643,254,147,171,349,947,1276,1247,68135,1019,238,654,932,155,156,46,75,18,320,792,715,198,595,198,1,76,186,1269
2020/7/4,991,928,582,363,167,1643,254,147,171,349,947,1276,1258,68135,1019,238,654,932,155,156,46,75,18,320,792,716,198,596,199,1,76,186,1269
2020/7/5,991,929,582,363,167,1643,254,147,171,349,947,1276,1268,68135,1019,239,654,932,155,157,46,75,18,321,792,716,198,596,199,1,76,186,1269
2020/7/6,991,929,582,363,167,1643,254,147,171,349,947,1276,1285,68135,1019,240,654,932,155,157,46,75,18,321,792,716,198,596,199,1,76,186,1269
2020/7/7,991,929,582,363,167,1645,254,147,171,349,947,1276,1299,68135,1019,244,654,932,155,159,46,75,18,321,792,718,199,598,199,1,76,187,1269
2020/7/8,991,929,582,363,167,1647,254,147,171,349,947,1276,1323,68135,1019,244,654,932,155,162,46,75,18,321,792,721,199,599,199,1,76,187,1269
2020/7/9,991,929,582,363,167,1647,254,147,171,349,947,1276,1365,68135,1019,244,654,932,155,162,46,75,18,321,792,721,199,599,199,1,76,187,1269
2020/7/10,991,929,582,363,167,1647,254,147,171,349,947,1276,1365,68135,1019,244,654,932,155,162,46,75,18,321,792,721,199,599,199,1,76,187,1269
2020/7/11,991,929,582,363,167,1648,254,147,171,349,947,1276,1431,68135,1019,245,654,932,155,164,46,75,18,321,792,724,200,599,203,1,76,187,1270
2020/7/12,991,929,582,363,167,1650,254,147,171,349,947,1276,1469,68135,1019,249,654,932,155,164,46,75,18,321,793,725,200,599,203,1,76,187,1270
2020/7/13,991,929,582,363,167,1650,254,147,171,349,947,1276,1469,68135,1019,249,654,932,155,164,46,75,18,321,793,725,200,599,203,1,76,187,1270
2020/7/14,991,929,583,363,167,1650,254,147,171,349,947,1276,1569,68135,1019,249,654,932,155,164,46,75,18,321,793,731,201,599,203,1,76,188,1270
2020/7/15,991,929,583,363,167,1650,254,147,171,349,947,1276,1588,68135,1019,249,654,932,155,164,46,75,18,321,793,732,201,599,203,1,76,188,1270
2020/7/16,991,929,583,363,167,1654,255,147,171,349,947,1276,1655,68135,1019,249,654,932,155,164,46,75,18,322,794,733,201,599,203,1,82,188,1270
2020/7/17,991,929,583,364,167,1657,255,147,171,349,947,1276,1713,68135,1019,249,654,932,155,164,46,75,18,322,796,733,201,599,203,1,93,188,1270
2020/7/18,991,929,583,364,167,1659,255,147,171,349,947,1276,1713,68135,1019,249,654,932,155,164,46,75,18,322,797,733,201,599,203,1,106,188,1270
2020/7/19,991,929,583,364,167,1659,255,147,171,349,947,1276,1777,68135,1019,249,654,932,155,164,46,75,18,322,798,733,201,602,203,1,123,188,1270
2020/7/20,991,929,583,364,167,1659,255,147,171,349,947,1276,1885,68135,1019,249,654,932,155,164,46,75,18,322,798,735,201,603,203,1,131,188,1270
2020/7/21,991,929,583,364,167,1661,255,147,171,349,947,1276,1958,68135,1019,249,654,932,155,164,46,75,18,322,798,737,201,603,203,1,140,188,1270
2020/7/22,991,929,583,364,167,1662,255,147,171,349,947,1276,2131,68135,1019,250,655,932,155,165,46,75,18,323,798,738,201,603,203,1,158,189,1270
2020/7/23,991,929,583,364,167,1667,255,147,171,349,947,1276,2249,68135,1019,250,655,932,155,167,46,75,18,323,798,739,201,603,203,1,171,189,1270
2020/7/24,991,929,583,364,167,1669,255,147,171,349,947,1276,2372,68135,1019,251,655,932,155,176,46,75,18,323,798,741,201,603,203,1,191,189,1270
2020/7/25,991,929,583,365,167,1672,255,147,171,349,947,1276,2505,68135,1019,256,655,932,155,189,46,75,18,323,799,741,201,603,204,1,213,189,1270
2020/7/26,991,929,583,366,167,1672,255,147,171,349,947,1276,2633,68135,1019,258,655,932,157,203,46,75,18,323,799,741,201,604,204,1,254,189,1270
2020/7/27,991,931,583,366,167,1672,255,147,171,349,947,1276,2778,68135,1019,258,655,932,157,209,46,75,18,323,799,743,201,604,204,1,311,190,1270
2020/7/28,991,932,583,366,167,1674,255,147,171,349,947,1276,2884,68135,1019,258,655,932,157,217,46,75,18,323,799,744,201,604,204,1,400,190,1270
2020/7/29,991,933,583,366,167,1675,255,147,171,349,947,1276,3002,68135,1019,258,655,932,157,222,46,75,18,324,799,744,201,604,204,1,496,191,1270
2020/7/30,991,933,583,366,167,1678,255,147,171,349,947,1276,3151,68135,1019,258,655,932,157,233,46,75,18,324,799,744,201,604,205,1,608,191,1270
2020/7/31,991,933,583,366,167,1680,255,147,171,349,947,1276,3272,68135,1019,258,655,932,157,241,46,75,18,324,799,748,201,604,205,1,639,191,1270
2020/8/1,991,933,583,367,167,1682,255,147,171,349,947,1276,3396,68138,1019,258,655,932,157,244,46,75,18,326,802,749,201,608,205,1,668,191,1270
2020/8/2,991,933,583,367,167,1683,255,147,171,349,947,1276,3511,68138,1019,258,658,932,157,253,46,75,18,326,804,749,201,608,205,1,696,191,1270
2020/8/3,991,933,583,367,167,1687,255,147,171,349,947,1276,3589,68138,1019,258,658,932,157,255,46,75,18,326,804,750,201,609,205,1,724,191,1270
2020/8/4,991,934,583,367,167,1687,255,147,171,349,947,1276,3669,68138,1019,258,658,932,157,255,46,75,18,327,804,752,201,610,205,1,746,191,1270
2020/8/5,991,934,583,367,167,1687,255,147,171,349,947,1276,3754,68138,1019,258,658,932,157,258,46,75,18,328,805,757,201,610,205,1,773,191,1270
2020/8/6,991,935,583,367,167,1687,255,147,171,349,947,1276,3849,68138,1019,258,659,932,157,259,46,75,18,328,805,764,201,611,205,1,799,191,1270
2020/8/7,991,935,583,367,167,1688,255,147,171,349,947,1276,3938,68139,1019,258,659,932,157,259,46,75,18,328,806,766,201,611,205,1,824,191,1271
2020/8/8,991,935,583,367,167,1693,255,147,171,349,947,1276,4007,68139,1019,258,659,932,157,259,46,75,18,328,806,768,201,611,205,1,839,191,1272
2020/8/9,991,935,583,367,167,1696,255,147,171,349,947,1276,4079,68139,1019,258,659,932,157,261,46,75,18,331,810,786,201,615,205,1,853,191,1273
2020/8/10,991,935,583,367,169,1699,255,147,171,350,948,1276,4148,68139,1019,258,659,932,157,261,46,75,18,340,816,794,201,615,205,1,866,191,1274
2020/8/11,991,935,583,368,169,1699,255,147,171,350,948,1276,4181,68139,1019,259,659,932,157,261,46,75,18,341,817,798,201,616,205,1,875,191,1275
2020/8/12,991,935,583,368,169,1707,255,147,171,351,948,1276,4243,68139,1019,259,659,932,157,261,46,75,18,341,821,800,201,618,205,1,883,191,1275
2020/8/13,991,935,583,368,169,1707,255,147,171,351,948,1276,4312,68139,1019,259,659,932,157,261,46,75,18,346,821,816,201,619,205,1,891,191,1275
2020/8/14,991,935,583,368,169,1709,255,147,171,351,948,1276,4360,68139,1019,260,661,932,157,261,46,75,18,348,821,820,201,623,205,1,898,191,1275
2020/8/15,991,935,583,369,169,1712,255,147,171,351,948,1276,4406,68139,1019,260,661,932,157,261,46,75,18,351,821,825,201,624,207,1,902,191,1275
2020/8/16,991,935,583,370,169,1720,255,147,171,351,948,1276,4480,68139,1019,260,661,932,157,261,46,75,18,354,822,828,201,626,207,1,902,195,1275
2020/8/17,991,935,583,370,169,1721,255,147,171,351,948,1276,4524,68139,1019,260,664,932,157,261,46,75,18,356,822,842,201,626,209,1,902,195,1275
2020/8/18,991,935,583,370,169,1725,255,147,171,351,948,1276,4560,68139,1019,260,664,932,157,261,46,75,18,358,823,850,201,626,209,1,902,195,1277
2020/8/19,991,935,583,370,169,1725,255,147,171,351,948,1276,4586,68139,1019,260,664,935,157,261,46,75,18,358,824,851,201,627,210,1,902,195,1277
2020/8/20,991,935,583,370,169,1725,255,147,171,351,948,1276,4604,68139,1019,260,665,935,157,261,46,75,18,358,827,862,201,628,216,1,902,195,1277
2020/8/21,991,935,583,371,169,1725,255,147,171,354,948,1276,4631,68139,1019,260,665,935,157,261,46,75,18,360,830,875,201,628,216,1,902,195,1277
2020/8/22,991,935,583,372,169,1727,255,147,171,359,948,1276,4657,68139,1019,260,665,935,157,261,46,75,18,362,830,875,201,628,218,1,902,195,1277
2020/8/23,991,935,583,375,169,1727,255,147,171,359,948,1276,4682,68139,1019,260,665,935,157,261,46,75,18,362,831,880,202,631,218,1,902,198,1277
2020/8/24,991,935,583,375,169,1730,255,147,171,360,948,1276,4691,68139,1019,260,665,935,157,262,46,75,18,364,831,882,202,635,219,1,902,198,1277
2020/8/25,991,935,583,375,169,1734,255,147,171,360,948,1276,4710,68139,1019,260,665,935,157,262,46,75,18,364,831,886,202,640,220,1,902,199,1277
2020/8/26,991,935,583,375,169,1734,255,147,171,362,948,1276,4734,68139,1019,260,665,935,157,262,46,75,18,364,831,888,202,644,220,1,902,199,1277
2020/8/27,991,935,583,376,169,1735,255,147,171,362,948,1276,4755,68139,1019,260,665,935,157,262,46,75,18,364,831,891,202,648,220,1,902,199,1277
2020/8/28,991,935,583,378,169,1737,255,147,171,362,948,1276,4768,68139,1019,260,665,935,157,262,46,75,18,364,831,894,202,650,220,1,902,199,1277
2020/8/29,991,935,583,380,169,1738,255,147,171,362,948,1276,4786,68139,1019,260,665,935,157,262,46,75,18,364,831,897,202,652,221,1,902,199,1277
2020/8/30,991,935,583,382,169,1739,255,147,171,362,948,1276,4801,68139,1019,260,665,935,157,262,46,75,18,365,831,903,203,652,226,1,902,199,1278
2020/8/31,991,935,583,383,169,1740,255,147,171,365,948,1276,4810,68139,1019,261,665,935,157,262,46,75,18,365,831,904,203,652,229,1,902,199,1278
2020/9/1,991,935,583,383,169,1742,255,147,171,365,948,1276,4822,68139,1019,261,665,935,157,262,46,75,18,365,831,908,203,653,229,1,902,199,1278
2020/9/2,991,935,583,383,169,1745,255,147,171,365,948,1276,4830,68139,1019,261,665,935,157,263,46,75,18,371,831,908,203,655,229,1,902,199,1278
2020/9/3,991,935,583,384,169,1758,257,147,171,365,948,1276,4838,68139,1019,261,665,935,157,263,46,75,18,373,831,913,203,656,230,1,902,199,1278
2020/9/4,991,935,583,385,169,1760,257,147,171,365,948,1276,4850,68139,1019,261,665,935,157,263,46,75,18,374,831,916,203,656,231,1,902,201,1278
2020/9/5,991,935,583,386,170,1763,257,147,171,365,948,1276,4857,68139,1019,261,665,935,157,263,46,75,18,377,831,918,203,656,231,1,902,201,1278
2020/9/6,991,935,584,386,170,1767,257,147,171,365,948,1276,4878,68139,1019,261,665,935,157,263,46,75,18,377,831,922,203,658,232,1,902,201,1278
2020/9/7,991,935,584,387,170,1769,257,147,171,365,948,1276,4889,68139,1019,261,665,935,157,263,46,75,18,377,831,922,203,663,233,1,902,201,1278
2020/9/8,991,935,584,387,170,1769,257,147,171,365,948,1276,4895,68139,1019,261,665,935,157,263,46,75,18,378,831,923,203,664,233,1,902,201,1278
2020/9/9,991,935,584,387,170,1770,257,147,171,365,948,1276,4901,68139,1019,261,665,935,157,263,46,75,18,378,831,929,203,664,233,1,902,201,1278
2020/9/10,991,935,584,387,170,1774,257,147,171,365,948,1276,4913,68139,1019,261,665,935,157,264,46,75,18,379,831,937,203,665,233,1,902,201,1278
2020/9/11,991,935,584,388,170,1776,257,147,171,365,948,1276,4925,68139,1019,261,665,935,157,264,46,75,18,380,831,939,203,665,233,1,902,201,1278
2020/9/12,991,935,584,388,170,1777,258,147,171,365,948,1277,4938,68139,1019,261,665,935,157,264,46,75,18,381,831,942,203,665,234,1,902,201,1280
2020/9/13,991,935,584,390,170,1778,258,147,171,365,948,1277,4957,68139,1019,261,665,935,157,264,46,75,18,381,831,947,203,665,234,1,902,203,1280
2020/9/14,991,935,584,390,170,1782,258,147,171,365,948,1277,4971,68139,1019,261,665,935,157,264,46,75,18,381,831,948,203,666,234,1,902,204,1281
2020/9/15,991,935,584,392,170,1783,258,147,171,365,948,1277,4975,68139,1019,261,665,935,157,264,46,75,18,382,831,950,203,670,234,1,902,205,1282
2020/9/16,991,935,584,392,170,1784,258,147,171,365,948,1278,4984,68139,1019,261,665,935,157,264,46,75,18,384,831,954,203,670,234,1,902,206,1282
2020/9/17,991,935,584,393,170,1787,258,147,171,365,948,1278,4993,68139,1019,261,665,935,157,264,46,75,18,397,831,966,203,670,237,1,902,206,1282
2020/9/18,991,935,584,394,170,1793,258,147,171,365,948,1278,4996,68139,1019,261,665,935,157,265,46,75,18,399,831,968,203,672,237,1,902,206,1282
2020/9/19,991,935,584,395,170,1797,258,147,171,365,948,1279,5009,68139,1019,261,665,935,157,265,46,75,18,399,831,972,203,672,237,1,902,206,1282
2020/9/20,991,935,584,396,170,1800,258,147,171,365,948,1279,5032,68139,1019,263,665,935,157,265,46,75,18,401,831,974,203,672,237,1,902,208,1282
2020/9/21,991,935,584,396,170,1803,258,147,171,365,948,1279,5038,68139,1019,263,665,935,157,265,46,75,18,401,831,975,203,672,238,1,902,209,1282
2020/9/22,991,935,584,396,170,1807,258,147,171,365,948,1280,5046,68139,1019,263,665,935,157,265,46,75,18,401,832,975,203,675,239,1,902,209,1282
2020/9/23,991,935,584,396,170,1807,259,147,171,365,948,1280,5049,68139,1019,263,666,935,157,267,46,75,18,402,832,977,203,675,239,1,902,209,1282
2020/9/24,991,936,584,396,170,1809,259,147,171,365,948,1280,5056,68139,1019,263,666,935,157,267,46,75,18,402,832,981,203,676,239,1,902,209,1282
2020/9/25,991,936,584,397,170,1812,259,147,171,365,948,1280,5058,68139,1019,263,666,935,157,267,46,75,18,403,832,981,203,685,240,1,902,209,1282
2020/9/26,991,936,584,401,170,1814,259,147,171,365,948,1280,5059,68139,1019,263,666,935,157,271,46,75,18,403,832,982,203,688,240,1,902,209,1282
2020/9/27,991,936,584,403,170,1819,259,147,171,365,948,1280,5065,68139,1019,266,666,935,157,271,46,75,18,403,832,992,204,688,240,1,902,209,1282
2020/9/28,991,936,584,404,170,1819,259,147,171,365,948,1280,5075,68139,1019,266,666,935,157,271,46,75,18,406,832,997,204,691,240,1,902,209,1282
2020/9/29,991,936,584,409,170,1827,259,147,171,365,948,1281,5079,68139,1019,266,666,935,157,271,46,75,18,408,832,999,204,692,240,1,902,209,1282
2020/9/30,991,936,584,409,170,1827,259,147,171,365,948,1281,5087,68139,1019,266,666,935,157,271,46,75,18,409,832,1006,204,693,240,1,902,209,1282
2020/10/1,991,936,585,411,170,1831,259,147,171,365,948,1281,5097,68139,1019,266,666,935,157,271,46,75,18,410,832,1007,204,696,240,1,902,209,1282
2020/10/2,991,936,585,411,170,1834,259,147,171,365,948,1281,5104,68139,1019,266,666,935,157,271,46,75,18,411,832,1011,204,698,240,1,902,209,1282
2020/10/3,991,936,585,411,170,1840,260,147,171,365,948,1281,5108,68139,1019,266,666,935,157,271,46,75,18,413,832,1012,204,701,241,1,902,211,1282
2020/10/4,991,936,585,413,170,1841,260,147,171,365,948,1281,5113,68139,1019,268,667,935,157,271,46,75,18,413,832,1022,205,704,241,1,902,211,1282
2020/10/5,991,936,585,413,170,1846,260,147,171,365,948,1281,5124,68139,1019,268,667,935,157,271,46,75,18,414,832,1024,205,707,242,1,902,211,1282
2020/10/6,991,936,585,413,170,1848,260,147,171,365,948,1281,5132,68139,1019,268,667,935,157,271,46,75,18,414,832,1025,206,710,242,1,902,211,1282
2020/10/7,991,936,585,413,170,1848,260,147,171,365,948,1281,5143,68139,1019,268,667,935,157,271,46,75,18,414,832,1030,206,713,242,1,902,211,1283
2020/10/8,991,936,585,414,170,1851,260,147,171,365,948,1281,5161,68139,1019,268,667,935,157,273,46,75,18,425,832,1036,206,713,242,1,902,211,1283
2020/10/9,991,936,585,414,170,1852,260,147,171,365,948,1281,5169,68139,1019,268,667,935,157,275,46,75,18,428,832,1038,206,718,244,1,902,211,1283
2020/10/10,991,936,585,415,170,1858,260,147,171,365,948,1281,5175,68139,1019,268,667,935,157,276,46,75,18,428,832,1048,206,721,244,1,902,211,1283
2020/10/11,991,937,585,416,170,1861,260,147,171,367,948,1281,5182,68139,1019,269,667,935,157,280,46,75,18,428,838,1053,208,722,245,1,902,211,1283
2020/10/12,991,937,585,416,170,1863,260,147,171,367,948,1281,5193,68139,1019,270,667,935,157,280,46,75,18,428,838,1056,208,723,245,1,902,211,1283
2020/10/13,991,937,585,416,170,1869,260,147,171,367,948,1281,5201,68139,1019,270,667,935,157,280,46,75,18,431,844,1061,208,723,245,1,902,211,1283
2020/10/14,991,937,585,416,170,1873,260,147,171,368,948,1281,5201,68139,1019,270,667,935,157,280,46,75,18,433,845,1064,208,723,245,1,902,211,1283
2020/10/15,991,937,586,417,170,1875,260,147,171,368,948,1281,5213,68139,1019,275,669,935,157,280,46,75,18,433,845,1075,208,723,247,1,902,211,1283
2020/10/16,991,937,586,417,170,1877,260,147,171,368,948,1281,5220,68139,1019,275,669,935,157,280,46,75,18,434,845,1080,208,724,251,1,902,211,1283
2020/10/17,991,937,586,417,170,1881,260,147,171,368,948,1281,5237,68139,1019,275,669,935,157,280,46,75,18,436,845,1085,208,725,252,1,902,211,1283
2020/10/18,991,937,586,417,170,1884,260,147,171,368,948,1281,5241,68139,1019,275,669,935,157,280,46,75,18,438,845,1090,209,725,254,1,902,211,1283
2020/10/19,991,938,587,418,170,1889,260,147,171,368,948,1281,5256,68139,1019,275,670,935,157,280,46,75,18,438,845,1095,209,728,256,1,902,211,1283
2020/10/20,991,938,587,419,170,1892,260,147,171,368,948,1283,5261,68139,1019,275,670,935,157,280,46,75,18,438,845,1097,209,731,256,1,902,211,1283
2020/10/21,991,938,587,420,170,1895,260,147,171,368,948,1283,5269,68139,1019,275,670,935,157,280,46,75,18,438,845,1105,209,733,256,1,902,211,1283
2020/10/22,991,938,589,427,170,1895,260,147,171,368,948,1283,5280,68139,1019,275,670,935,157,280,46,75,18,438,845,1114,209,733,256,1,902,211,1283
2020/10/23,991,940,589,429,170,1904,260,147,171,368,948,1283,5284,68139,1019,275,670,935,157,280,46,75,18,444,845,1123,209,733,259,1,902,211,1283
2020/10/24,991,940,589,429,170,1907,260,147,171,368,948,1283,5289,68139,1019,275,670,935,157,283,46,75,18,445,845,1128,211,733,260,1,902,211,1283
2020/10/25,991,940,589,430,170,1908,260,147,171,369,948,1283,5295,68139,1019,277,670,935,157,283,46,75,18,444,845,1139,212,734,260,1,902,211,1283
2020/10/26,991,941,589,431,170,1909,260,147,171,371,949,1283,5303,68139,1019,278,670,935,157,283,46,75,18,447,846,1142,212,736,260,1,902,211,1283
2020/10/27,991,941,589,431,170,1911,260,147,171,372,949,1284,5308,68139,1019,279,670,935,157,283,46,75,18,453,846,1149,212,737,261,1,924,211,1283
2020/10/28,991,942,589,432,170,1914,260,147,171,372,949,1284,5310,68139,1019,287,672,935,157,283,46,75,18,454,846,1155,212,737,263,1,947,211,1283
2020/10/29,991,942,589,436,170,1916,260,147,171,372,949,1284,5313,68139,1019,287,672,935,157,283,46,75,18,454,847,1168,212,739,265,1,947,212,1283
2020/10/30,991,942,589,436,170,1919,260,147,171,373,949,1284,5320,68139,1020,288,672,935,157,283,46,75,18,454,847,1176,212,743,270,1,953,213,1286
2020/10/31,991,942,589,437,177,1922,260,147,171,373,949,1284,5323,68139,1020,291,672,935,157,283,46,75,18,455,847,1181,212,744,270,1,956,213,1286
2020/11/1,991,942,589,437,180,1927,260,147,171,373,949,1284,5330,68139,1020,291,673,935,157,283,46,75,18,455,847,1187,215,746,271,1,959,213,1286
2020/11/2,991,944,589,441,180,1935,260,147,171,373,949,1284,5336,68143,1020,295,674,935,157,283,46,75,18,455,848,1196,215,754,273,1,964,213,1287
2020/11/3,991,944,589,443,180,1938,260,147,171,373,949,1284,5345,68143,1020,297,674,935,157,283,46,75,18,456,848,1200,215,757,273,1,966,213,1287
2020/11/4,991,945,589,444,180,1938,260,147,171,373,949,1286,5348,68143,1020,298,674,935,157,283,46,75,18,459,848,1208,215,761,273,1,974,213,1287
2020/11/5,991,945,589,446,180,1941,260,147,171,373,949,1286,5355,68143,1020,300,674,935,157,284,46,75,18,459,848,1223,216,763,275,1,980,214,1288
2020/11/6,991,945,589,455,180,1943,260,147,171,373,949,1286,5361,68143,1020,303,674,935,157,284,46,75,18,463,848,1234,216,767,275,1,980,214,1288
2020/11/7,991,945,589,456,180,1945,260,147,171,373,949,1286,5364,68147,1020,303,674,935,157,284,46,75,18,472,848,1241,217,769,275,1,980,214,1290
2020/11/8,991,945,589,456,180,1949,260,147,171,373,949,1286,5374,68147,1020,305,675,935,157,285,46,75,18,478,848,1254,218,773,276,1,980,214,1290
2020/11/9,991,947,589,459,180,1955,260,147,171,373,949,1286,5380,68147,1020,305,675,935,157,285,46,75,18,479,848,1259,218,776,277,1,980,214,1291
2020/11/10,992,947,589,459,180,1955,260,147,171,373,949,1286,5389,68147,1020,305,676,935,157,286,46,75,18,480,848,1264,218,778,283,1,980,214,1291
2020/11/11,992,947,589,460,180,1956,260,147,171,373,949,1286,5407,68147,1020,306,676,935,157,286,46,75,18,482,848,1268,218,782,285,1,980,214,1291
2020/11/12,992,947,589,460,181,1956,260,147,171,373,949,1287,5430,68147,1020,307,676,935,157,286,46,75,18,483,848,1271,218,783,285,1,980,214,1291
2020/11/13,992,947,589,461,181,1963,260,147,171,373,949,1287,5436,68147,1020,307,676,935,157,288,46,75,18,484,848,1276,218,783,287,1,980,214,1291
2020/11/14,992,947,589,461,181,1966,260,147,171,373,949,1288,5444,68148,1020,307,676,935,157,288,46,75,18,486,848,1277,218,783,289,1,980,217,1291
2020/11/15,992,947,589,461,181,1968,260,147,171,373,949,1288,5458,68148,1020,307,677,935,157,288,46,75,18,487,848,1277,219,786,289,1,980,217,1291
2020/11/16,992,947,589,461,181,1971,260,147,171,373,949,1288,5466,68148,1020,307,677,935,157,288,46,75,18,487,848,1281,219,792,290,1,980,217,1291
2020/11/17,992,947,589,461,181,1972,260,147,171,373,949,1288,5470,68148,1020,307,677,935,157,289,46,75,18,487,849,1285,220,792,291,1,980,217,1291
2020/11/18,992,947,590,463,181,1973,262,147,171,373,949,1288,5479,68148,1020,308,677,935,157,289,46,75,18,487,849,1286,220,795,291,1,980,217,1292
2020/11/19,992,948,590,469,181,1975,262,147,171,373,949,1288,5491,68148,1020,308,677,935,157,289,46,75,18,490,849,1290,220,796,291,1,980,217,1292
2020/11/20,992,948,590,469,181,1975,262,147,171,373,949,1288,5517,68148,1020,308,677,935,157,289,46,75,18,490,849,1301,220,796,296,1,980,217,1292
2020/11/21,992,949,590,473,181,1975,263,147,171,373,949,1288,5560,68148,1020,310,677,935,157,289,46,75,18,492,849,1305,220,797,297,1,980,217,1293
2020/11/22,992,950,590,474,181,1979,263,147,171,373,949,1288,5628,68148,1020,310,677,935,157,289,46,75,18,493,849,1308,220,797,298,1,980,217,1293
2020/11/23,992,950,590,478,181,1983,263,147,171,373,949,1289,5701,68148,1020,311,679,935,157,289,46,75,18,495,849,1312,220,800,299,1,980,217,1293
2020/11/24,992,950,590,479,181,1984,263,147,171,373,949,1289,5781,68148,1020,311,679,935,157,289,46,75,18,496,849,1314,220,800,299,1,980,217,1293
2020/11/25,992,950,590,480,181,1988,263,147,171,373,949,1289,5866,68148,1020,320,680,935,157,289,46,75,18,496,849,1319,220,801,299,1,980,217,1293
2020/11/26,992,950,590,481,181,1988,263,147,171,373,949,1289,5947,68148,1020,320,680,935,157,289,46,75,18,497,849,1322,220,801,299,1,980,217,1293
2020/11/27,992,950,590,483,181,1988,263,147,171,373,949,1289,6039,68148,1020,320,680,935,157,289,46,75,18,497,849,1322,220,802,300,1,980,218,1294
2020/11/28,992,950,590,487,182,1988,263,147,171,373,949,1289,6123,68148,1020,320,680,935,157,289,46,75,18,498,849,1325,220,803,300,1,980,219,1294
2020/11/29,992,950,590,487,182,1989,263,147,171,373,949,1289,6238,68148,1020,323,680,935,157,289,46,75,18,498,854,1330,221,806,300,1,980,219,1294
2020/11/30,992,951,590,489,182,1989,263,147,171,373,949,1289,6314,68148,1020,327,680,935,157,289,46,75,18,499,854,1332,221,808,300,1,980,219,1294
2020/12/1,992,951,590,490,182,1992,263,147,171,373,949,1290,6396,68148,1020,329,680,935,157,289,46,75,18,500,854,1333,221,808,300,1,980,219,1294
2020/12/2,992,951,590,490,182,1996,263,147,171,373,949,1290,6499,68149,1020,330,680,935,157,289,46,75,18,501,856,1341,221,808,300,1,980,219,1294
2020/12/3,992,951,590,492,182,1997,263,147,171,373,949,1292,6589,68149,1020,333,680,935,157,289,46,75,18,501,857,1350,221,808,300,1,980,219,1294
2020/12/4,992,952,590,493,182,2000,263,147,171,373,949,1295,6701,68149,1020,333,680,935,157,289,46,75,18,501,857,1353,222,811,300,1,980,219,1294
2020/12/5,992,952,590,499,182,2002,263,147,171,373,949,1295,6802,68149,1020,333,680,935,157,289,46,75,18,502,857,1359,222,812,301,1,980,220,1294
2020/12/6,992,952,590,500,182,2004,263,147,171,373,949,1295,6897,68149,1020,336,680,935,157,289,46,75,18,502,857,1366,222,812,301,1,980,221,1295
2020/12/7,992,952,590,500,182,2007,263,147,171,373,949,1295,6975,68149,1020,336,680,935,157,289,46,75,18,502,857,1370,222,820,301,1,980,221,1295
2020/12/8,992,952,590,500,182,2009,264,147,171,373,949,1295,7075,68149,1020,336,681,935,157,289,46,75,18,502,857,1376,222,822,301,1,980,221,1295
2020/12/9,992,952,590,501,182,2010,264,147,171,373,949,1295,7179,68149,1020,337,681,935,157,289,46,75,18,502,857,1385,222,822,301,1,980,221,1295
2020/12/10,992,952,590,501,182,2013,264,147,171,373,951,1295,7291,68149,1020,337,681,935,157,289,46,75,18,502,857,1390,222,826,301,1,980,222,1295
2020/12/11,992,952,590,502,182,2015,264,147,171,373,951,1295,7377,68149,1020,337,683,935,157,289,46,75,18,502,857,1395,222,826,302,1,980,223,1296
2020/12/12,992,954,590,502,182,2016,264,147,171,373,956,1295,7446,68149,1020,337,684,935,157,289,46,75,18,502,858,1405,222,829,302,1,980,224,1296
2020/12/13,992,955,590,502,182,2017,264,147,171,373,958,1295,7541,68149,1020,338,684,935,157,289,46,75,18,502,858,1412,222,832,302,1,980,224,1297
2020/12/14,992,956,590,502,182,2018,264,147,171,373,960,1295,7623,68149,1020,342,684,935,157,289,46,75,18,502,858,1415,222,838,302,1,980,224,1297
2020/12/15,992,957,590,503,182,2021,264,147,171,373,960,1295,7721,68149,1020,342,684,935,157,289,46,75,18,502,859,1418,222,838,303,1,980,226,1297
2020/12/16,992,957,590,503,182,2022,264,147,171,373,960,1295,7803,68149,1020,342,684,935,157,289,46,75,18,502,859,1424,222,838,303,1,980,226,1297
2020/12/17,992,957,590,503,182,2026,264,147,171,373,960,1296,7899,68149,1020,342,684,935,157,289,46,75,18,502,859,1428,223,839,303,1,980,227,1297
2020/12/18,992,959,590,504,182,2027,264,147,171,373,960,1296,7969,68149,1020,342,684,935,157,290,46,75,18,502,861,1436,223,839,304,1,980,227,1298
2020/12/19,992,961,590,505,182,2028,264,147,171,373,960,1297,8078,68149,1020,344,684,935,157,291,46,75,18,504,861,1447,223,840,304,1,980,227,1299
2020/12/20,992,961,590,507,182,2031,264,147,171,373,961,1297,8152,68149,1020,350,684,935,157,292,46,75,18,504,861,1455,224,841,304,1,980,227,1299
2020/12/21,992,961,590,507,182,2034,264,147,171,373,961,1297,8237,68149,1020,352,684,935,157,294,46,75,18,504,861,1461,224,843,304,1,980,227,1299
2020/12/22,992,961,590,507,182,2035,264,147,171,373,961,1297,8300,68149,1020,352,684,935,157,295,46,75,18,504,861,1473,224,843,304,1,980,227,1300
2020/12/23,992,961,590,507,182,2036,264,147,171,373,961,1298,8353,68149,1020,352,684,935,157,302,46,75,18,504,861,1479,224,845,304,1,980,227,1300
2020/12/24,992,961,590,507,182,2037,264,147,171,373,961,1298,8424,68149,1020,352,684,935,157,310,46,75,18,504,861,1483,224,846,304,1,980,227,1300
2020/12/25,992,963,590,508,182,2038,264,147,171,373,961,1298,8481,68149,1021,352,684,935,157,316,46,75,18,505,861,1488,224,847,304,1,980,229,1300
2020/12/26,993,971,590,508,182,2038,264,147,171,373,961,1298,8540,68149,1021,352,684,935,157,323,46,75,18,505,861,1492,224,847,304,1,980,229,1302
2020/12/27,993,972,590,508,182,2039,264,147,171,373,961,1298,8610,68149,1021,358,684,935,157,329,46,75,18,505,861,1494,224,848,305,1,980,229,1305
2020/12/28,993,979,590,509,182,2040,264,147,171,373,961,1299,8671,68149,1021,359,684,935,157,337,46,75,18,505,861,1498,224,851,306,1,980,229,1305
2020/12/29,993,980,590,511,182,2041,264,147,171,373,962,1299,8724,68149,1021,361,684,935,157,342,46,75,18,505,862,1505,224,851,309,1,980,229,1306
2020/12/30,993,982,590,512,182,2044,264,147,171,373,964,1299,8778,68149,1021,364,684,935,157,347,46,75,18,506,862,1511,224,853,309,1,980,229,1306
2020/12/31,993,987,590,513,182,2046,264,147,171,373,964,1299,8846,68149,1021,364,684,935,157,351,46,75,18,507,862,1516,224,853,309,1,980,230,1306
2021/1/1,993,988,590,513,182,2046,264,147,171,373,964,1299,8888,68149,1021,364,684,935,157,359,46,75,18,508,863,1520,224,853,312,1,980,230,1306
2021/1/2,993,990,590,516,182,2051,264,147,171,374,968,1299,8923,68149,1021,365,684,935,157,362,46,75,18,510,863,1526,224,853,313,1,980,230,1306
2021/1/3,993,992,590,517,182,2053,264,147,171,378,969,1299,8964,68149,1021,366,684,935,157,369,46,75,18,516,863,1530,225,856,314,1,980,230,1306
2021/1/4,993,993,590,518,182,2057,264,147,171,392,969,1300,9017,68149,1021,366,685,935,157,372,46,75,18,516,863,1536,225,857,315,1,980,230,1306
2021/1/5,993,994,590,518,182,2060,264,147,171,412,970,1300,9049,68149,1021,366,685,935,157,373,46,75,18,519,863,1538,225,857,316,1,980,230,1306
2021/1/6,993,994,590,518,182,2062,264,147,171,465,970,1300,9074,68149,1021,366,685,935,157,374,46,75,18,521,863,1543,225,857,316,1,980,230,1306
2021/1/7,993,995,590,519,182,2065,264,147,171,498,971,1301,9107,68149,1022,366,686,935,157,377,46,75,18,521,863,1551,225,857,316,1,980,230,1306
2021/1/8,993,995,590,520,182,2067,264,147,171,512,971,1301,9152,68149,1022,366,687,935,157,384,46,75,18,521,864,1558,225,857,316,1,980,230,1306
2021/1/9,993,996,590,526,182,2068,264,147,171,558,971,1301,9211,68149,1022,366,687,935,157,387,46,75,18,522,864,1562,226,857,320,1,980,230,1308
2021/1/10,993,997,590,527,182,2075,264,147,171,640,971,1301,9242,68149,1022,366,687,935,157,393,46,75,18,523,864,1564,226,857,322,1,980,231,1308
2021/1/11,993,998,590,528,182,2076,264,147,171,680,972,1302,9283,68149,1022,366,687,935,157,396,46,75,18,524,864,1568,226,857,324,1,980,231,1308
2021/1/12,993,998,590,529,182,2078,264,147,171,770,988,1302,9343,68149,1022,366,687,935,157,396,46,75,18,524,864,1573,227,857,324,1,980,231,1308
2021/1/13,993,999,590,529,182,2081,265,147,171,851,1031,1303,9385,68149,1022,366,687,935,157,396,46,75,18,524,864,1581,227,857,324,1,980,231,1308
2021/1/14,993,999,590,529,182,2084,266,147,171,941,1074,1303,9414,68149,1022,366,688,935,157,396,46,75,18,526,864,1583,227,858,324,1,980,231,1309
2021/1/15,993,1001,591,529,182,2084,266,147,171,1031,1097,1303,9452,68149,1023,366,688,935,157,396,46,75,18,527,864,1590,227,860,327,1,980,231,1309
2021/1/16,993,1003,591,531,182,2086,266,147,171,1103,1109,1303,9502,68149,1024,366,688,935,167,396,46,75,18,527,865,1594,227,862,328,1,980,231,1309
2021/1/17,993,1006,591,532,182,2087,266,147,171,1157,1116,1303,9557,68149,1026,366,688,935,197,396,46,75,18,530,865,1598,227,863,329,1,980,231,1311
2021/1/18,993,1007,591,532,182,2090,266,147,171,1192,1143,1303,9664,68149,1026,366,688,935,240,396,46,75,18,531,865,1602,228,863,329,1,980,231,1314
2021/1/19,993,1014,591,533,182,2093,266,147,171,1211,1159,1303,9720,68149,1026,366,688,935,286,396,46,75,18,533,865,1606,228,865,330,1,980,231,1316
2021/1/20,993,1017,591,533,182,2094,267,147,171,1231,1227,1303,9797,68150,1026,366,688,935,319,396,46,75,18,533,866,1615,230,865,335,1,980,231,1316
2021/1/21,994,1020,591,534,182,2098,267,147,171,1252,1274,1303,9928,68150,1026,366,688,935,342,396,47,75,18,533,866,1624,231,865,335,1,980,231,1316
2021/1/22,994,1023,591,534,182,2099,267,147,171,1264,1330,1303,9928,68150,1027,366,690,935,351,396,47,75,18,533,866,1635,235,866,335,1,980,231,1316
2021/1/23,994,1025,591,534,183,2104,267,147,171,1283,1359,1303,10009,68150,1027,366,691,935,363,397,47,75,18,534,866,1641,237,866,336,1,980,231,1316
2021/1/24,994,1028,591,535,183,2106,267,147,171,1294,1394,1303,10085,68150,1027,366,691,935,430,397,47,75,18,534,866,1644,237,866,338,1,980,231,1316
2021/1/25,994,1030,591,536,183,2108,267,147,171,1299,1447,1303,10158,68150,1028,366,691,935,437,397,47,75,18,535,866,1654,237,866,338,1,980,231,1316
2021/1/26,994,1034,591,536,187,2115,267,147,171,1306,1476,1303,10222,68150,1028,366,692,935,451,397,47,75,18,535,866,1660,237,867,340,1,980,231,1316
2021/1/27,994,1034,591,536,187,2116,267,147,171,1309,1504,1303,10282,68150,1028,366,693,935,460,397,47,75,18,536,866,1667,238,868,342,1,980,231,1316
2021/1/28,994,1035,591,536,187,2121,267,147,171,1310,1525,1303,10321,68150,1029,366,693,935,473,397,47,75,18,536,866,1676,238,868,343,1,980,231,1316
2021/1/29,994,1036,591,539,187,2121,267,147,171,1311,1552,1303,10371,68150,1031,366,693,935,478,397,47,75,18,537,866,1687,238,869,343,1,980,231,1316
2021/1/30,994,1036,591,541,187,2124,267,147,171,1312,1561,1303,10399,68150,1031,366,694,935,541,400,47,75,18,539,866,1694,238,870,343,1,980,231,1316
2021/1/31,994,1038,591,541,187,2125,267,147,171,1313,1583,1303,10452,68150,1032,366,694,935,551,400,47,75,18,539,866,1698,238,870,344,1,980,231,1316
2021/2/1,994,1039,591,541,187,2127,267,147,171,1313,1591,1303,10486,68150,1032,366,697,935,555,402,47,75,18,540,866,1705,239,871,344,1,980,231,1316
2021/2/2,994,1039,591,541,187,2129,267,147,171,1314,1597,1303,10511,68150,1032,366,698,935,563,402,47,75,18,541,866,1709,239,873,344,1,980,231,1316
2021/2/3,994,1044,591,544,187,2132,267,147,171,1316,1601,1303,10530,68150,1032,366,698,935,571,402,47,75,18,541,866,1714,239,873,344,1,980,231,1316
2021/2/4,994,1044,591,545,187,2134,267,147,171,1316,1606,1303,10552,68150,1032,366,699,935,571,402,47,75,18,541,866,1724,239,873,345,1,980,231,1316
2021/2/5,994,1044,591,545,187,2135,267,147,171,1316,1609,1303,10589,68150,1032,366,699,935,572,402,48,75,18,542,866,1729,239,873,346,1,980,231,1316
2021/2/6,994,1046,591,545,187,2137,267,147,171,1316,1609,1303,10608,68150,1033,366,701,935,573,402,48,75,18,542,866,1732,239,873,346,1,980,231,1316
2021/2/7,994,1046,591,545,187,2144,267,147,171,1316,1609,1303,10635,68150,1033,366,701,935,573,402,48,75,18,542,866,1739,239,873,346,1,980,231,1316
2021/2/8,994,1046,591,546,187,2151,267,147,171,1316,1609,1303,10667,68150,1033,366,702,935,573,402,48,75,18,542,867,1741,239,874,346,1,980,231,1317
2021/2/9,994,1046,591,547,187,2151,267,147,171,1316,1609,1303,10693,68150,1033,366,703,935,573,402,48,75,18,543,867,1747,239,875,347,1,980,231,1320
2021/2/10,994,1046,591,548,187,2152,267,147,171,1316,1609,1303,10710,68150,1033,366,703,935,573,402,48,75,18,543,867,1747,239,875,347,1,980,231,1320
2021/2/11,994,1046,591,548,187,2154,267,147,171,1316,1609,1303,10731,68150,1033,366,703,935,573,403,48,75,18,543,867,1754,239,877,347,1,980,231,1320
2021/2/12,994,1046,591,548,187,2157,267,147,171,1316,1609,1303,10755,68150,1033,366,703,935,573,404,48,75,18,543,867,1757,239,877,348,1,980,231,1320
2021/2/13,994,1046,591,548,187,2159,267,147,171,1316,1609,1303,10767,68150,1033,367,703,935,573,404,48,75,18,544,867,1759,239,878,348,1,980,231,1320
2021/2/14,994,1046,591,548,187,2163,267,147,171,1317,1609,1304,10779,68150,1033,367,703,935,573,404,48,75,18,545,867,1760,239,878,349,1,980,231,1320
2021/2/15,994,1046,591,548,187,2171,267,147,171,1317,1609,1304,10788,68150,1033,367,703,935,573,404,48,75,18,547,867,1765,239,879,349,1,980,231,1320
2021/2/16,994,1046,591,548,187,2177,267,147,171,1317,1609,1304,10796,68150,1033,367,703,935,573,404,48,75,18,547,867,1765,239,880,349,1,980,231,1320
2021/2/17,994,1046,591,548,187,2180,267,147,171,1317,1610,1304,10812,68151,1033,367,703,935,573,404,48,75,18,547,867,1769,239,882,349,1,980,231,1320
2021/2/18,994,1046,591,548,187,2180,267,147,171,1317,1610,1304,10820,68151,1034,367,703,935,573,404,48,75,18,547,867,1776,239,882,351,1,980,231,1320
2021/2/19,994,1046,591,548,187,2183,267,147,171,1317,1610,1304,10833,68151,1035,367,703,935,573,405,48,75,18,547,867,1778,239,883,351,1,980,231,1320
2021/2/20,994,1046,591,548,187,2184,267,147,171,1317,1610,1304,10848,68151,1035,367,703,935,573,406,48,75,18,547,867,1781,239,885,351,1,980,231,1320
2021/2/21,994,1047,591,549,187,2187,267,147,171,1317,1610,1304,10868,68151,1036,367,703,935,573,406,48,75,18,547,867,1783,239,887,352,1,980,231,1320
2021/2/22,994,1047,591,549,187,2196,267,147,171,1317,1610,1304,10884,68151,1036,367,703,935,573,406,48,75,18,547,867,1783,240,887,352,1,980,231,1320
2021/2/23,994,1047,591,549,187,2196,267,147,171,1317,1610,1304,10896,68151,1036,367,704,935,573,406,48,75,18,549,868,1786,240,889,353,1,980,231,1321
2021/2/24,994,1047,591,549,187,2198,267,147,171,1317,1610,1304,10913,68151,1036,367,704,935,573,406,48,75,18,549,869,1789,240,890,354,1,980,231,1321
2021/2/25,994,1047,591,549,187,2200,267,147,171,1317,1610,1304,10926,68151,1036,367,704,935,573,406,48,75,18,549,869,1793,240,890,354,1,980,231,1321
2021/2/26,994,1047,591,549,187,2205,267,147,171,1317,1610,1304,10950,68151,1036,367,704,935,573,406,48,75,18,551,869,1794,240,891,355,1,980,231,1321
2021/2/27,994,1047,591,551,187,2206,267,147,171,1317,1610,1304,10983,68151,1036,367,704,935,573,406,48,75,18,551,869,1794,240,891,356,1,980,233,1321
2021/2/28,994,1049,591,551,187,2212,267,147,171,1317,1610,1304,11005,68151,1036,367,704,935,573,406,48,75,18,551,869,1796,240,900,356,1,980,233,1321
2021/3/1,994,1049,591,551,187,2215,267,147,171,1317,1610,1305,11019,68151,1036,367,704,935,573,406,48,75,18,552,869,1797,240,904,357,1,980,233,1321
2021/3/2,994,1049,591,551,187,2218,267,147,171,1317,1610,1305,11032,68151,1036,367,704,935,573,406,48,75,18,553,869,1797,240,909,357,1,980,234,1321
2021/3/3,994,1049,591,551,187,2221,267,147,171,1317,1610,1305,11046,68151,1036,367,704,935,573,406,48,75,18,553,869,1802,240,910,357,1,980,234,1322
2021/3/4,994,1049,591,551,187,2222,267,147,171,1317,1610,1305,11055,68151,1037,367,704,935,573,406,48,75,18,553,869,1808,240,910,358,1,980,234,1322
2021/3/5,994,1049,591,551,187,2225,267,147,171,1317,1610,1305,11066,68151,1037,367,704,935,573,406,48,75,18,553,869,1809,240,911,361,1,980,234,1322
2021/3/6,994,1049,591,551,187,2229,267,147,171,1317,1610,1305,11074,68151,1037,367,704,935,573,406,48,75,18,555,869,1811,240,918,361,1,980,234,1322
2021/3/7,994,1049,591,552,187,2233,267,147,171,1317,1610,1307,11090,68151,1037,368,705,935,573,406,48,75,18,557,869,1816,241,920,361,1,980,234,1322
2021/3/8,994,1049,591,552,187,2235,267,147,171,1317,1610,1307,11099,68151,1037,368,705,935,573,406,48,75,18,557,869,1818,241,924,361,1,980,234,1322
2021/3/9,994,1049,591,552,187,2236,267,147,171,1317,1610,1308,11120,68151,1037,368,705,935,573,406,48,75,18,558,869,1820,241,924,361,1,980,234,1322
2021/3/10,994,1049,591,553,187,2238,267,147,171,1317,1610,1308,11128,68151,1037,368,705,935,573,406,48,75,18,558,869,1825,241,927,361,1,980,234,1322
2021/3/11,994,1049,591,553,187,2240,267,147,171,1317,1610,1309,11150,68151,1037,368,705,935,573,406,48,75,18,559,869,1828,241,929,361,1,980,234,1322
2021/3/12,994,1049,591,553,187,2243,267,147,171,1317,1610,1309,11210,68151,1038,368,705,935,573,406,48,75,18,559,869,1830,241,929,362,1,980,234,1322
2021/3/13,994,1049,591,555,187,2244,267,147,171,1317,1610,1309,11257,68151,1038,369,706,935,573,406,48,75,18,560,869,1834,241,929,362,1,980,234,1322
2021/3/14,994,1049,591,556,187,2245,267,147,171,1317,1610,1309,11281,68151,1038,369,706,935,573,406,48,75,18,561,869,1835,241,929,363,1,980,234,1322
2021/3/15,994,1049,591,556,187,2245,267,147,171,1317,1610,1309,11311,68151,1038,369,707,935,573,406,48,75,18,561,869,1840,241,935,364,1,980,234,1322
2021/3/16,994,1049,591,557,187,2245,267,147,171,1317,1610,1309,11329,68151,1038,369,707,935,573,406,48,75,18,561,869,1841,241,937,364,1,980,234,1322
2021/3/17,994,1049,591,557,187,2246,267,147,171,1317,1610,1309,11340,68151,1038,369,707,935,573,406,48,75,18,561,869,1843,241,937,367,1,980,234,1322
2021/3/18,994,1049,591,557,187,2249,267,147,171,1317,1610,1309,11350,68151,1039,369,707,935,573,406,48,75,18,562,869,1848,241,937,368,1,980,234,1322
2021/3/19,994,1049,591,557,187,2251,267,147,171,1317,1610,1309,11363,68151,1039,369,708,935,573,406,48,75,18,562,869,1848,241,937,368,1,980,234,1323
2021/3/20,994,1049,591,557,190,2252,267,147,171,1317,1610,1309,11371,68151,1039,370,708,936,573,406,48,75,18,562,869,1852,241,937,370,1,980,234,1323
2021/3/21,994,1049,591,559,190,2253,267,147,171,1317,1610,1309,11379,68151,1039,370,708,936,573,407,48,75,18,562,869,1855,241,937,370,1,980,234,1323
2021/3/22,994,1049,591,559,190,2257,267,147,171,1317,1610,1309,11397,68151,1039,370,708,936,573,407,48,75,18,564,869,1856,241,938,370,1,980,235,1323
2021/3/23,994,1049,591,559,191,2259,267,147,171,1317,1610,1309,11409,68151,1039,371,708,936,573,407,48,75,18,564,869,1859,241,939,372,1,980,235,1323
2021/3/24,994,1049,591,559,193,2263,267,147,171,1317,1610,1309,11419,68152,1039,371,708,936,573,407,48,75,18,564,869,1863,241,939,372,1,980,235,1323
2021/3/25,994,1049,591,560,193,2265,267,147,171,1317,1610,1309,11428,68152,1039,371,708,936,573,407,48,75,18,565,869,1870,241,939,372,1,980,235,1323
2021/3/26,994,1049,591,560,193,2266,267,147,171,1317,1610,1309,11439,68152,1041,371,708,937,573,407,48,75,18,565,869,1876,241,941,372,1,980,235,1323
2021/3/27,994,1049,591,560,193,2267,267,147,171,1317,1610,1310,11445,68152,1041,374,708,937,573,407,48,75,18,566,869,1878,241,943,373,1,980,235,1323
2021/3/28,994,1049,591,560,193,2275,267,147,171,1317,1610,1310,11446,68152,1041,374,708,937,573,407,48,75,18,566,869,1879,241,945,373,1,980,235,1323
2021/3/29,994,1049,591,560,193,2277,267,147,171,1317,1610,1310,11454,68152,1042,374,708,937,573,407,48,75,18,566,869,1882,241,948,373,1,980,235,1323
2021/3/30,994,1049,591,561,193,2279,267,147,171,1317,1610,1311,11461,68152,1042,374,708,937,573,407,48,75,18,567,869,1882,241,948,373,1,980,241,1323
2021/3/31,994,1049,591,561,193,2282,267,147,171,1317,1610,1311,11467,68152,1042,375,710,937,573,407,48,75,18,567,870,1885,241,948,373,1,980,247,1323
2021/4/1,994,1049,591,561,193,2282,267,147,171,1317,1610,1311,11480,68152,1043,375,710,937,573,407,48,75,18,567,870,1887,241,949,373,1,980,251,1323
2021/4/2,994,1050,591,570,193,2285,267,147,171,1317,1610,1311,11499,68152,1043,375,711,937,573,407,48,75,18,568,870,1891,241,949,373,1,980,259,1323
2021/4/3,994,1050,591,571,193,2287,267,147,171,1317,1610,1311,11501,68152,1043,375,711,937,573,407,48,75,18,568,870,1897,241,949,374,1,980,269,1323
2021/4/4,994,1052,591,572,193,2287,267,147,171,1317,1610,1311,11508,68152,1043,376,713,937,573,407,48,75,18,572,870,1900,241,952,375,1,980,284,1324
2021/4/5,994,1052,591,572,193,2289,267,147,171,1317,1610,1311,11524,68152,1043,376,714,937,573,407,48,75,18,572,870,1902,245,952,375,1,980,299,1324
2021/4/6,994,1053,591,573,193,2290,267,147,171,1317,1610,1311,11531,68153,1043,376,715,937,573,407,48,75,18,572,871,1904,245,954,375,1,980,301,1324
2021/4/7,994,1053,591,573,193,2291,267,147,171,1317,1610,1311,11539,68153,1043,377,716,937,573,407,49,75,18,573,871,1913,245,954,375,1,980,312,1324
2021/4/8,994,1054,591,574,193,2295,267,147,171,1317,1610,1311,11549,68153,1044,377,716,937,573,407,49,75,18,575,871,1916,246,954,375,1,980,320,1324
2021/4/9,994,1055,591,576,193,2295,267,147,171,1317,1610,1311,11563,68154,1044,377,716,937,573,408,49,75,18,576,872,1920,247,954,375,1,980,321,1325
2021/4/10,994,1056,591,576,193,2296,270,147,171,1317,1610,1311,11568,68154,1044,377,716,937,573,408,49,75,18,576,872,1922,248,955,376,1,980,321,1325
2021/4/11,994,1057,591,580,193,2299,270,147,171,1317,1610,1311,11581,68154,1044,377,716,937,573,408,49,75,18,578,873,1925,248,955,376,1,980,323,1325
2021/4/12,994,1057,591,581,193,2301,270,147,171,1317,1610,1311,11594,68154,1044,377,716,937,573,408,49,75,18,578,873,1926,248,957,376,1,980,324,1327
2021/4/13,994,1057,591,582,193,2304,270,147,171,1317,1610,1311,11607,68154,1044,377,716,937,573,408,49,75,18,578,873,1931,248,958,377,1,980,325,1327
2021/4/14,994,1057,591,582,193,2308,270,147,171,1317,1610,1311,11612,68155,1044,377,716,937,573,408,49,75,18,578,873,1934,249,959,377,1,980,325,1327
2021/4/15,994,1057,591,583,193,2310,270,147,171,1317,1610,1311,11618,68155,1044,377,716,937,573,408,49,75,18,579,876,1937,249,959,377,1,980,326,1327
2021/4/16,994,1057,591,583,193,2313,270,147,171,1317,1610,1311,11635,68155,1044,378,716,937,573,408,49,75,18,581,876,1940,249,961,379,1,980,327,1328
2021/4/17,994,1057,591,584,193,2317,270,147,171,1317,1610,1312,11653,68155,1044,379,716,937,573,408,49,75,18,585,876,1942,249,963,379,1,980,328,1328
2021/4/18,994,1057,591,584,193,2319,270,147,175,1317,1610,1312,11683,68155,1044,379,716,937,573,408,49,75,18,586,876,1943,249,963,380,1,980,330,1328
2021/4/19,994,1057,591,586,193,2319,270,147,175,1317,1610,1312,11695,68156,1044,379,716,937,573,408,49,75,18,587,876,1946,249,964,380,1,980,331,1329
2021/4/20,994,1057,591,586,193,2320,270,147,187,1317,1610,1312,11703,68156,1044,379,716,937,573,408,49,75,18,587,876,1949,249,965,382,1,980,333,1329
2021/4/21,994,1057,591,586,193,2322,270,147,187,1317,1610,1312,11704,68157,1044,379,716,937,573,408,49,75,18,587,876,1950,249,965,383,1,980,334,1329
2021/4/22,994,1057,593,586,193,2327,270,147,187,1317,1610,1312,11718,68157,1044,379,716,937,573,408,49,75,18,587,876,1955,249,967,383,1,980,337,1331
2021/4/23,994,1057,594,586,193,2328,270,147,187,1317,1610,1312,11727,68157,1044,379,717,937,573,408,49,75,18,588,876,1958,249,968,383,1,980,338,1331
2021/4/24,994,1057,594,589,193,2328,270,147,187,1317,1610,1312,11730,68157,1044,379,717,937,573,408,49,75,18,588,876,1967,249,968,384,1,980,338,1331
2021/4/25,994,1057,594,590,193,2329,270,147,187,1317,1610,1312,11736,68157,1044,379,718,937,573,408,49,75,18,589,876,1969,249,970,384,1,980,341,1331
2021/4/26,994,1057,595,590,193,2331,270,147,187,1317,1610,1312,11740,68157,1044,380,718,937,573,408,49,75,18,589,876,1970,249,975,384,1,980,341,1332
2021/4/27,994,1057,596,590,193,2334,270,147,187,1317,1610,1312,11748,68157,1044,380,718,937,573,408,49,75,18,590,876,1972,249,978,385,1,980,342,1332
2021/4/28,994,1057,596,590,193,2335,270,147,187,1317,1610,1312,11755,68158,1044,380,718,937,573,408,49,75,18,590,876,1977,250,979,385,1,980,342,1343
2021/4/29,994,1057,596,591,193,2337,270,147,188,1317,1610,1312,11770,68158,1044,380,719,937,573,408,49,75,18,590,876,1984,251,979,385,1,980,342,1343
2021/4/30,994,1057,596,592,193,2344,271,147,188,1317,1610,1312,11774,68158,1044,380,719,937,573,408,49,75,18,590,876,1987,251,981,385,1,980,343,1344
2021/5/1,994,1057,596,593,193,2350,274,147,188,1317,1610,1312,11782,68158,1044,380,719,937,573,408,49,75,18,590,876,1991,251,981,385,1,980,344,1344
2021/5/2,994,1057,596,593,193,2354,274,147,188,1317,1610,1312,11784,68158,1044,381,719,937,573,408,49,75,18,590,876,1996,251,982,385,1,980,344,1344
2021/5/3,994,1057,596,593,193,2358,274,147,188,1317,1610,1312,11786,68158,1044,381,720,937,573,408,49,75,18,590,878,1999,251,988,385,1,980,345,1344
2021/5/4,994,1057,596,593,193,2359,275,147,188,1317,1610,1312,11790,68158,1044,382,720,937,573,408,49,75,18,590,879,1999,251,990,386,1,980,345,1344
2021/5/5,994,1057,596,593,193,2360,275,147,188,1317,1610,1312,11796,68158,1044,382,720,937,573,408,49,75,18,590,879,1999,251,992,386,1,980,347,1344
2021/5/6,994,1057,596,595,193,2365,275,147,188,1317,1610,1312,11798,68158,1044,382,720,937,573,408,49,75,18,591,879,2004,251,992,386,1,980,347,1344
2021/5/7,994,1057,597,595,193,2365,275,147,188,1317,1610,1312,11801,68158,1045,382,720,937,573,408,49,75,18,592,879,2006,251,992,387,1,980,347,1345
2021/5/8,994,1057,597,595,193,2370,275,147,188,1317,1610,1312,11806,68158,1045,382,720,937,573,408,49,76,18,592,879,2012,251,992,387,1,980,347,1345
2021/5/9,994,1057,597,595,193,2372,275,147,188,1317,1610,1312,11807,68158,1045,382,720,937,573,408,49,76,18,594,879,2016,251,993,387,1,980,348,1346
2021/5/10,994,1057,598,597,193,2373,275,147,188,1317,1610,1312,11811,68158,1046,382,720,937,573,408,49,76,18,595,879,2020,251,997,387,1,980,348,1346
2021/5/11,994,1057,598,597,193,2381,275,147,188,1317,1610,1312,11812,68158,1046,382,721,937,573,408,49,76,18,596,880,2023,251,998,387,1,980,348,1347
2021/5/12,994,1057,598,597,193,2383,275,147,188,1317,1610,1312,11814,68158,1046,383,721,937,573,408,49,76,18,597,881,2025,251,999,388,1,980,348,1347
2021/5/13,996,1057,598,598,193,2386,275,147,188,1317,1610,1312,11817,68158,1046,383,721,937,573,408,49,76,18,597,881,2026,251,999,388,1,980,348,1347
2021/5/14,999,1057,598,598,193,2387,275,147,188,1317,1610,1312,11818,68158,1046,383,721,937,573,411,49,76,18,599,882,2029,251,1000,388,1,980,348,1347
2021/5/15,999,1057,598,598,193,2392,275,147,188,1317,1610,1313,11821,68158,1046,384,721,937,573,415,49,76,18,600,882,2031,251,1001,388,1,980,351,1347
2021/5/16,1001,1057,598,598,193,2396,275,147,188,1317,1610,1313,11824,68158,1047,384,721,937,573,418,50,76,18,600,882,2037,251,1002,388,1,980,351,1355
2021/5/17,1001,1057,598,599,193,2397,275,147,188,1317,1611,1313,11825,68158,1048,384,721,937,573,422,50,76,18,606,883,2041,251,1004,388,1,980,351,1356
2021/5/18,1001,1057,598,599,193,2398,275,147,188,1317,1611,1313,11826,68159,1048,384,722,937,573,422,50,76,18,606,883,2050,251,1004,388,1,980,351,1356
2021/5/19,1001,1057,598,599,193,2399,275,147,188,1317,1611,1313,11827,68159,1048,384,722,937,573,423,50,76,18,609,883,2052,251,1005,389,1,980,351,1361
2021/5/20,1001,1057,598,610,193,2400,275,147,188,1317,1611,1314,11828,68159,1049,384,722,937,573,423,50,76,18,609,883,2061,251,1006,389,1,980,351,1361
2021/5/21,1001,1057,598,610,193,2406,275,147,188,1317,1611,1314,11829,68159,1049,384,722,937,573,424,50,76,18,609,883,2062,251,1008,389,1,980,351,1361
2021/5/22,1002,1058,598,612,193,2409,275,147,188,1317,1611,1314,11830,68159,1049,384,722,937,573,425,50,76,18,609,883,2066,251,1012,390,1,980,352,1362
2021/5/23,1002,1058,598,613,194,2412,275,147,188,1317,1612,1314,11832,68159,1050,385,723,937,573,425,50,76,18,611,883,2069,251,1015,391,1,980,352,1362
2021/5/24,1004,1058,598,615,194,2412,275,147,188,1317,1612,1314,11833,68159,1051,385,724,937,573,425,51,76,18,612,883,2072,253,1016,393,1,980,352,1362
2021/5/25,1004,1058,598,616,194,2413,275,147,188,1317,1612,1314,11835,68159,1051,385,725,937,573,425,51,76,18,613,883,2078,253,1018,393,1,980,352,1363
2021/5/26,1004,1059,598,617,194,2427,275,147,188,1317,1612,1314,11836,68159,1051,386,725,937,573,425,51,76,18,613,883,2079,253,1019,393,1,980,352,1363
2021/5/27,1004,1059,598,617,194,2428,275,147,188,1317,1612,1314,11836,68159,1051,386,726,937,573,425,51,76,18,613,883,2081,253,1022,393,1,980,352,1363
2021/5/28,1004,1059,598,618,194,2431,275,147,188,1317,1612,1314,11836,68159,1051,386,726,937,573,425,51,76,18,615,883,2088,253,1024,393,1,980,352,1364
2021/5/29,1004,1059,598,620,194,2432,275,147,188,1317,1612,1314,11837,68159,1051,387,726,937,573,425,51,76,18,616,883,2093,253,1025,393,1,980,352,1364
2021/5/30,1004,1059,598,621,194,2455,275,147,188,1317,1612,1315,11837,68159,1051,387,726,937,573,425,51,76,18,616,883,2095,253,1025,393,1,980,352,1364
2021/5/31,1004,1059,598,621,194,2468,275,147,188,1317,1612,1315,11841,68159,1051,387,727,937,573,425,51,76,18,616,883,2102,253,1027,393,1,980,352,1364
2021/6/1,1004,1059,598,624,194,2481,275,147,188,1317,1612,1315,11848,68159,1051,387,727,937,573,425,51,76,18,616,883,2108,253,1028,393,1,980,353,1364
2021/6/2,1004,1060,598,625,194,2498,275,147,188,1317,1612,1315,11848,68159,1051,387,727,937,573,425,51,76,18,616,883,2111,253,1030,393,1,980,353,1364
2021/6/3,1004,1061,598,625,194,2509,275,147,188,1317,1612,1315,11849,68159,1051,388,727,937,573,425,51,76,18,617,883,2116,253,1032,393,1,980,355,1365
2021/6/4,1004,1063,598,628,194,2525,275,147,188,1317,1612,1315,11850,68159,1051,388,727,937,573,425,51,76,18,617,883,2117,253,1033,393,1,980,356,1365
2021/6/5,1004,1064,598,629,194,2534,275,147,188,1317,1612,1315,11851,68159,1051,388,728,937,573,425,51,76,18,618,883,2124,253,1039,394,1,980,358,1366
2021/6/6,1004,1064,598,629,194,2542,275,147,188,1317,1612,1316,11858,68159,1051,388,728,937,573,426,51,76,18,618,883,2128,253,1040,394,1,980,360,1368
2021/6/7,1004,1065,598,631,194,2564,275,147,188,1317,1612,1316,11865,68159,1051,390,729,937,573,426,51,76,18,618,883,2130,253,1041,395,1,980,361,1368
2021/6/8,1004,1067,598,632,194,2573,275,147,188,1317,1612,1316,11868,68159,1051,390,729,937,573,426,51,76,18,618,883,2132,253,1043,395,1,980,361,1368
2021/6/9,1004,1067,598,632,194,2582,275,147,188,1317,1612,1316,11872,68159,1051,390,729,937,573,426,52,76,18,620,883,2139,253,1044,395,1,980,362,1369
2021/6/10,1004,1068,598,635,194,2593,275,147,188,1317,1612,1316,11874,68159,1051,390,730,937,573,426,52,76,18,620,883,2141,253,1046,395,1,980,363,1370
2021/6/11,1004,1069,598,636,194,2605,275,147,188,1317,1612,1316,11874,68159,1051,390,734,937,573,426,52,76,18,621,883,2149,253,1047,396,1,980,369,1370
2021/6/12,1004,1069,598,637,194,2618,275,147,188,1317,1612,1316,11877,68159,1051,390,735,937,573,426,52,76,18,622,883,2155,253,1050,398,1,980,374,1372
2021/6/13,1004,1070,598,637,194,2625,275,147,188,1317,1612,1316,11877,68159,1051,393,736,937,573,426,52,76,18,622,883,2160,253,1054,398,1,980,376,1372
2021/6/14,1004,1071,598,638,194,2635,275,147,188,1317,1612,1316,11878,68159,1051,393,736,937,573,426,52,76,18,622,883,2165,253,1055,398,1,980,377,1373
2021/6/15,1004,1071,598,638,194,2650,275,147,188,1317,1612,1316,11880,68159,1051,393,738,937,573,426,52,76,18,622,883,2168,253,1056,398,1,980,377,1373
2021/6/16,1004,1072,598,641,194,2657,275,147,188,1317,1612,1316,11881,68160,1051,393,739,937,573,426,52,76,18,622,883,2170,253,1057,398,1,980,380,1373
2021/6/17,1004,1072,598,646,194,2666,275,147,188,1317,1612,1316,11881,68160,1051,393,739,937,573,426,52,76,18,622,883,2173,253,1057,399,1,980,382,1376
2021/6/18,1004,1073,598,650,194,2680,275,147,188,1317,1612,1316,11884,68160,1051,393,739,937,573,426,53,76,18,624,883,2179,253,1057,399,1,980,384,1377
2021/6/19,1004,1073,598,651,194,2692,275,147,188,1317,1612,1316,11885,68160,1051,393,739,937,573,426,53,76,18,624,883,2182,253,1058,399,1,980,388,1379
2021/6/20,1004,1075,598,652,194,2699,275,147,188,1317,1612,1317,11886,68160,1051,393,740,937,573,426,53,76,18,624,883,2183,253,1059,399,1,980,391,1379
2021/6/21,1004,1075,598,659,194,2706,275,147,188,1317,1612,1317,11889,68160,1051,394,740,937,573,426,53,76,18,624,883,2184,253,1064,399,1,980,391,1383
2021/6/22,1004,1075,598,660,194,2709,275,147,188,1317,1612,1317,11896,68160,1051,394,742,937,573,426,53,76,18,624,883,2190,253,1076,399,1,980,391,1383
